,dataset_name,url
0,Dermatology Atlas,https://www.atlasdermatologico.com.br/img?imageId=12067
1,Dermatology Atlas,https://www.atlasdermatologico.com.br/img?imageId=12068
2,Dermatology Atlas,https://www.atlasdermatologico.com.br/img?imageId=12069
3,Dermatology Atlas,https://www.atlasdermatologico.com.br/img?imageId=12070
4,Dermatology Atlas,https://www.atlasdermatologico.com.br/img?imageId=12071
5,Dermatology Atlas,https://www.atlasdermatologico.com.br/img?imageId=12072
6,Dermatology Atlas,https://www.atlasdermatologico.com.br/img?imageId=12073
7,Dermatology Atlas,https://www.atlasdermatologico.com.br/img?imageId=12074
8,Dermatology Atlas,https://www.atlasdermatologico.com.br/img?imageId=12075
9,Dermatology Atlas,https://www.atlasdermatologico.com.br/img?imageId=12076
10,Dermatology Atlas,https://www.atlasdermatologico.com.br/img?imageId=12077
11,Dermatology Atlas,https://www.atlasdermatologico.com.br/img?imageId=12078
12,Dermatology Atlas,https://www.atlasdermatologico.com.br/img?imageId=12079
13,Dermatology Atlas,https://www.atlasdermatologico.com.br/img?imageId=12080
14,Dermatology Atlas,https://www.atlasdermatologico.com.br/img?imageId=12081
15,Dermatology Atlas,https://www.atlasdermatologico.com.br/img?imageId=12082
16,Dermatology Atlas,https://www.atlasdermatologico.com.br/img?imageId=12083
17,Dermatology Atlas,https://www.atlasdermatologico.com.br/img?imageId=12084
18,Dermatology Atlas,https://www.atlasdermatologico.com.br/img?imageId=12085
19,Dermatology Atlas,https://www.atlasdermatologico.com.br/img?imageId=12086
20,Dermatology Atlas,https://www.atlasdermatologico.com.br/img?imageId=12087
21,Dermatology Atlas,https://www.atlasdermatologico.com.br/img?imageId=12088
22,Dermatology Atlas,https://www.atlasdermatologico.com.br/img?imageId=12089
23,Dermatology Atlas,https://www.atlasdermatologico.com.br/img?imageId=12090
24,Dermatology Atlas,https://www.atlasdermatologico.com.br/img?imageId=12091
25,Dermatology Atlas,https://www.atlasdermatologico.com.br/img?imageId=12092
26,Dermatology Atlas,https://www.atlasdermatologico.com.br/img?imageId=12093
27,Dermatology Atlas,https://www.atlasdermatologico.com.br/img?imageId=12094
28,Dermatology Atlas,https://www.atlasdermatologico.com.br/img?imageId=12095
29,Dermatology Atlas,https://www.atlasdermatologico.com.br/img?imageId=12096
30,Dermatology Atlas,https://www.atlasdermatologico.com.br/img?imageId=12115
31,Dermatology Atlas,https://www.atlasdermatologico.com.br/img?imageId=12116
32,Dermatology Atlas,https://www.atlasdermatologico.com.br/img?imageId=12117
33,Dermatology Atlas,https://www.atlasdermatologico.com.br/img?imageId=12118
34,Dermatology Atlas,https://www.atlasdermatologico.com.br/img?imageId=12119
35,Dermatology Atlas,https://www.atlasdermatologico.com.br/img?imageId=12120
36,Dermatology Atlas,https://www.atlasdermatologico.com.br/img?imageId=12121
37,Dermatology Atlas,https://www.atlasdermatologico.com.br/img?imageId=12122
38,Dermatology Atlas,https://www.atlasdermatologico.com.br/img?imageId=12123
39,Dermatology Atlas,https://www.atlasdermatologico.com.br/img?imageId=12124
40,Dermatology Atlas,https://www.atlasdermatologico.com.br/img?imageId=12125
41,Dermatology Atlas,https://www.atlasdermatologico.com.br/img?imageId=12126
42,Dermatology Atlas,https://www.atlasdermatologico.com.br/img?imageId=12127
43,Dermatology Atlas,https://www.atlasdermatologico.com.br/img?imageId=12128
44,Dermatology Atlas,https://www.atlasdermatologico.com.br/img?imageId=12129
45,Dermatology Atlas,https://www.atlasdermatologico.com.br/img?imageId=12130
46,Dermatology Atlas,https://www.atlasdermatologico.com.br/img?imageId=12131
47,DermIS,https://www.dermis.net/bilder/CD004/550px/img0100.jpg
48,DermIS,https://www.dermis.net/bilder/CD002/550px/img0099.jpg
49,DermIS,https://www.dermis.net/bilder/CD047/550px/img0083.jpg
50,DermIS,https://www.dermis.net/bilder/CD047/550px/img0084.jpg
51,DermIS,https://www.dermis.net/bilder/CD049/550px/img0062.jpg
52,DermIS,https://www.dermis.net/bilder/CD049/550px/img0063.jpg
53,DermIS,https://www.dermis.net/bilder/CD065/550px/img0032.jpg
54,DermIS,https://www.dermis.net/bilder/CD065/550px/img0033.jpg
55,DermIS,https://www.dermis.net/bilder/CD065/550px/img0034.jpg
56,DermIS,https://www.dermis.net/bilder/CD093/550px/img0083.jpg
57,DermIS,https://www.dermis.net/bilder/CD093/550px/img0084.jpg
58,DermIS,https://www.dermis.net/bilder/CD093/550px/img0085.jpg
59,DermIS,https://www.dermis.net/bilder/CD003/550px/img0008.jpg
60,DermIS,https://www.dermis.net/bilder/CD093/550px/img0086.jpg
61,DermIS,https://www.dermis.net/bilder/CD150/550px/img0001.jpg
62,DermIS,https://www.dermis.net/bilder/CD150/550px/img0044.jpg
63,DermIS,https://www.dermis.net/bilder/CD150/550px/img0045.jpg
64,DermIS,https://www.dermis.net/bilder/CD154/550px/img0056.jpg
65,DermIS,https://www.dermis.net/bilder/CD154/550px/img0057.jpg
66,DermIS,https://www.dermis.net/bilder/CD154/550px/img0058.jpg
67,DermIS,https://www.dermis.net/bilder/CD193/550px/img0061.jpg
68,DermIS,https://www.dermis.net/bilder/CD004/550px/img0095.jpg
69,DermIS,https://www.dermis.net/bilder/CD021/550px/img0002.jpg
70,DermIS,https://www.dermis.net/bilder/CD027/550px/img0011.jpg
71,DermIS,https://www.dermis.net/bilder/CD027/550px/img0013.jpg
72,DermIS,https://www.dermis.net/bilder/CD027/550px/img0014.jpg
73,DermIS,https://www.dermis.net/bilder/CD047/550px/img0082.jpg
74,Danderm,https://www.kkh.dk/atlas/pics/5/5-47.jpg
75,Danderm,https://www.kkh.dk/atlas/pics/5/5-48.jpg
76,Danderm,https://www.kkh.dk/atlas/pics/5/5-46-5.jpg
77,Danderm,https://www.kkh.dk/atlas/pics/5/5-44.jpg
78,Danderm,https://www.kkh.dk/atlas/pics/5/5-46-1.jpg
79,Danderm,https://www.kkh.dk/atlas/pics/5/5-46-6.jpg
80,Danderm,https://www.kkh.dk/atlas/pics/5/5-45.jpg
81,Danderm,https://www.kkh.dk/atlas/pics/5/5-46-2.jpg
82,Danderm,https://www.kkh.dk/atlas/pics/5/5-46-3.jpg
83,Danderm,https://www.kkh.dk/atlas/pics/5/5-46.jpg
84,Danderm,https://www.kkh.dk/atlas/pics/5/5-46-4.jpg
85,DermnetNZ,https://dermnetnz.org/imagedetail/38302
86,DermnetNZ,https://dermnetnz.org/imagedetail/38300
87,DermnetNZ,https://dermnetnz.org/imagedetail/38301
88,DermnetNZ,https://dermnetnz.org/imagedetail/38303
89,DermnetNZ,https://dermnetnz.org/imagedetail/38303
90,DermnetNZ,https://dermnetnz.org/imagedetail/38305
91,DermnetNZ,https://dermnetnz.org/imagedetail/38309
92,DermnetNZ,https://dermnetnz.org/imagedetail/38312
93,DermnetNZ,https://dermnetnz.org/imagedetail/38306
94,DermnetNZ,https://dermnetnz.org/imagedetail/38310
95,DermnetNZ,https://dermnetnz.org/imagedetail/38318
96,DermnetNZ,https://dermnetnz.org/imagedetail/38319
97,DermnetNZ,https://dermnetnz.org/imagedetail/38311
98,DermnetNZ,https://dermnetnz.org/imagedetail/38304
99,DermnetNZ,https://dermnetnz.org/imagedetail/38316
100,DermnetNZ,https://dermnetnz.org/imagedetail/38307
101,DermnetNZ,https://dermnetnz.org/imagedetail/38320
102,DermnetNZ,https://dermnetnz.org/imagedetail/38317
103,DermnetNZ,https://dermnetnz.org/imagedetail/38315
104,DermnetNZ,https://dermnetnz.org/imagedetail/38313
105,DermnetNZ,https://dermnetnz.org/imagedetail/38314
106,DermNet,https://www.kaggle.com/datasets/shubhamgoel27/dermnet/ -> psoriasis-pustular-generalized-1.jpg) [crop to lesion]
107,DermNet,https://www.kaggle.com/datasets/shubhamgoel27/dermnet/ -> psoriasis-pustular-generalized-1.jpg)
108,DermNet,https://www.kaggle.com/datasets/shubhamgoel27/dermnet/ -> psoriasis-pustular-generalized-10.jpg)
109,DermNet,https://www.kaggle.com/datasets/shubhamgoel27/dermnet/ -> psoriasis-pustular-generalized-11.jpg)
110,DermNet,https://www.kaggle.com/datasets/shubhamgoel27/dermnet/ -> psoriasis-pustular-generalized-13.jpg)
111,DermNet,https://www.kaggle.com/datasets/shubhamgoel27/dermnet/ -> psoriasis-pustular-generalized-14.jpg)
112,DermNet,https://www.kaggle.com/datasets/shubhamgoel27/dermnet/ -> psoriasis-pustular-generalized-15.jpg)
113,DermNet,https://www.kaggle.com/datasets/shubhamgoel27/dermnet/ -> psoriasis-pustular-generalized-16.jpg)
114,DermNet,https://www.kaggle.com/datasets/shubhamgoel27/dermnet/ -> psoriasis-pustular-generalized-17.jpg)
115,DermNet,https://www.kaggle.com/datasets/shubhamgoel27/dermnet/ -> psoriasis-pustular-generalized-18.jpg)
116,DermNet,https://www.kaggle.com/datasets/shubhamgoel27/dermnet/ -> psoriasis-pustular-generalized-19.jpg)
117,DermNet,https://www.kaggle.com/datasets/shubhamgoel27/dermnet/ -> psoriasis-pustular-generalized-2.jpg)
118,DermNet,https://www.kaggle.com/datasets/shubhamgoel27/dermnet/ -> psoriasis-pustular-generalized-20.jpg)
119,DermNet,https://www.kaggle.com/datasets/shubhamgoel27/dermnet/ -> psoriasis-pustular-generalized-22.jpg)
120,DermNet,https://www.kaggle.com/datasets/shubhamgoel27/dermnet/ -> psoriasis-pustular-generalized-24.jpg)
121,DermNet,https://www.kaggle.com/datasets/shubhamgoel27/dermnet/ -> psoriasis-pustular-generalized-25.jpg) [crop to lesion]
122,DermNet,https://www.kaggle.com/datasets/shubhamgoel27/dermnet/ -> psoriasis-pustular-generalized-25.jpg)
123,DermNet,https://www.kaggle.com/datasets/shubhamgoel27/dermnet/ -> psoriasis-pustular-generalized-26.jpg)
124,DermNet,https://www.kaggle.com/datasets/shubhamgoel27/dermnet/ -> psoriasis-pustular-generalized-27.jpg)
125,DermNet,https://www.kaggle.com/datasets/shubhamgoel27/dermnet/ -> psoriasis-pustular-generalized-28.jpg)
126,DermNet,https://www.kaggle.com/datasets/shubhamgoel27/dermnet/ -> psoriasis-pustular-generalized-29.jpg)
127,DermNet,https://www.kaggle.com/datasets/shubhamgoel27/dermnet/ -> psoriasis-pustular-generalized-3.jpg)
128,DermNet,https://www.kaggle.com/datasets/shubhamgoel27/dermnet/ -> psoriasis-pustular-generalized-30.jpg)
129,DermNet,https://www.kaggle.com/datasets/shubhamgoel27/dermnet/ -> psoriasis-pustular-generalized-31.jpg)
130,DermNet,https://www.kaggle.com/datasets/shubhamgoel27/dermnet/ -> psoriasis-pustular-generalized-32.jpg)
131,DermNet,https://www.kaggle.com/datasets/shubhamgoel27/dermnet/ -> psoriasis-pustular-generalized-33.jpg)
132,DermNet,https://www.kaggle.com/datasets/shubhamgoel27/dermnet/ -> psoriasis-pustular-generalized-34.jpg)
133,DermNet,https://www.kaggle.com/datasets/shubhamgoel27/dermnet/ -> psoriasis-pustular-generalized-35.jpg)
134,DermNet,https://www.kaggle.com/datasets/shubhamgoel27/dermnet/ -> psoriasis-pustular-generalized-36.jpg)
135,DermNet,https://www.kaggle.com/datasets/shubhamgoel27/dermnet/ -> psoriasis-pustular-generalized-37.jpg) [crop to lesion]
136,DermNet,https://www.kaggle.com/datasets/shubhamgoel27/dermnet/ -> psoriasis-pustular-generalized-37.jpg)
137,DermNet,https://www.kaggle.com/datasets/shubhamgoel27/dermnet/ -> psoriasis-pustular-generalized-39.jpg)
138,DermNet,https://www.kaggle.com/datasets/shubhamgoel27/dermnet/ -> psoriasis-pustular-generalized-4.jpg)
139,DermNet,https://www.kaggle.com/datasets/shubhamgoel27/dermnet/ -> psoriasis-pustular-generalized-40.jpg)
140,DermNet,https://www.kaggle.com/datasets/shubhamgoel27/dermnet/ -> psoriasis-pustular-generalized-41.jpg)
141,DermNet,https://www.kaggle.com/datasets/shubhamgoel27/dermnet/ -> psoriasis-pustular-generalized-42.jpg)
142,DermNet,https://www.kaggle.com/datasets/shubhamgoel27/dermnet/ -> psoriasis-pustular-generalized-43.jpg)
143,DermNet,https://www.kaggle.com/datasets/shubhamgoel27/dermnet/ -> psoriasis-pustular-generalized-44.jpg)
144,DermNet,https://www.kaggle.com/datasets/shubhamgoel27/dermnet/ -> psoriasis-pustular-generalized-45.jpg) [crop to lesion]
145,DermNet,https://www.kaggle.com/datasets/shubhamgoel27/dermnet/ -> psoriasis-pustular-generalized-45.jpg)
146,DermNet,https://www.kaggle.com/datasets/shubhamgoel27/dermnet/ -> psoriasis-pustular-generalized-47.jpg) [crop to lesion]
147,DermNet,https://www.kaggle.com/datasets/shubhamgoel27/dermnet/ -> psoriasis-pustular-generalized-47.jpg)
148,DermNet,https://www.kaggle.com/datasets/shubhamgoel27/dermnet/ -> psoriasis-pustular-generalized-48.jpg)
149,DermNet,https://www.kaggle.com/datasets/shubhamgoel27/dermnet/ -> psoriasis-pustular-generalized-49.jpg)
150,DermNet,https://www.kaggle.com/datasets/shubhamgoel27/dermnet/ -> psoriasis-pustular-generalized-5.jpg)
151,DermNet,https://www.kaggle.com/datasets/shubhamgoel27/dermnet/ -> psoriasis-pustular-generalized-52.jpg)
152,DermNet,https://www.kaggle.com/datasets/shubhamgoel27/dermnet/ -> psoriasis-pustular-generalized-53.jpg) [crop to lesion]
153,DermNet,https://www.kaggle.com/datasets/shubhamgoel27/dermnet/ -> psoriasis-pustular-generalized-53.jpg)
154,DermNet,https://www.kaggle.com/datasets/shubhamgoel27/dermnet/ -> psoriasis-pustular-generalized-54.jpg)
155,DermNet,https://www.kaggle.com/datasets/shubhamgoel27/dermnet/ -> psoriasis-pustular-generalized-55.jpg) [crop to lesion]
156,DermNet,https://www.kaggle.com/datasets/shubhamgoel27/dermnet/ -> psoriasis-pustular-generalized-55.jpg)
157,DermNet,https://www.kaggle.com/datasets/shubhamgoel27/dermnet/ -> psoriasis-pustular-generalized-56.jpg)
158,DermNet,https://www.kaggle.com/datasets/shubhamgoel27/dermnet/ -> psoriasis-pustular-generalized-57.jpg)
159,DermNet,https://www.kaggle.com/datasets/shubhamgoel27/dermnet/ -> psoriasis-pustular-generalized-58.jpg)
160,DermNet,https://www.kaggle.com/datasets/shubhamgoel27/dermnet/ -> psoriasis-pustular-generalized-59.jpg)
161,DermNet,https://www.kaggle.com/datasets/shubhamgoel27/dermnet/ -> psoriasis-pustular-generalized-6.jpg)
162,DermNet,https://www.kaggle.com/datasets/shubhamgoel27/dermnet/ -> psoriasis-pustular-generalized-60.jpg)
163,DermNet,https://www.kaggle.com/datasets/shubhamgoel27/dermnet/ -> psoriasis-pustular-generalized-61.jpg)
164,DermNet,https://www.kaggle.com/datasets/shubhamgoel27/dermnet/ -> psoriasis-pustular-generalized-62.jpg)
165,DermNet,https://www.kaggle.com/datasets/shubhamgoel27/dermnet/ -> psoriasis-pustular-generalized-63.jpg)
166,DermNet,https://www.kaggle.com/datasets/shubhamgoel27/dermnet/ -> psoriasis-pustular-generalized-64.jpg)
167,DermNet,https://www.kaggle.com/datasets/shubhamgoel27/dermnet/ -> psoriasis-pustular-generalized-65.jpg)
168,DermNet,https://www.kaggle.com/datasets/shubhamgoel27/dermnet/ -> psoriasis-pustular-generalized-66.jpg)
169,DermNet,https://www.kaggle.com/datasets/shubhamgoel27/dermnet/ -> psoriasis-pustular-generalized-7.jpg)
170,DermNet,https://www.kaggle.com/datasets/shubhamgoel27/dermnet/ -> psoriasis-pustular-generalized-6.jpg)
171,DermNet,https://www.kaggle.com/datasets/shubhamgoel27/dermnet/ -> psoriasis-pustular-generalized-9.jpg)
